<?xml version="1.0" encoding="UTF-8"?>
<project-private xmlns="http://www.netbeans.org/ns/project-private/1">
    <editor-bookmarks xmlns="http://www.netbeans.org/ns/editor-bookmarks/2" lastBookmarkId="0"/>
    <open-files xmlns="http://www.netbeans.org/ns/projectui-open-files/2">
        <group>
            <file>file:/C:/Users/jashy/OneDrive/Documentos/portafolii/proyectoFinal/proy/Motel/systemadelmotel/src/systemadelmotel/Reserva.java</file>
            <file>file:/C:/Users/jashy/OneDrive/Documentos/portafolii/proyectoFinal/proy/Motel/systemadelmotel/src/systemadelmotel/login.java</file>
            <file>file:/C:/Users/jashy/OneDrive/Documentos/portafolii/proyectoFinal/proy/Motel/systemadelmotel/src/systemadelmotel/Edad.java</file>
            <file>file:/C:/Users/jashy/OneDrive/Documentos/portafolii/proyectoFinal/proy/Motel/systemadelmotel/src/systemadelmotel/constrasenaolvidada.java</file>
            <file>file:/C:/Users/jashy/OneDrive/Documentos/portafolii/proyectoFinal/proy/Motel/systemadelmotel/src/systemadelmotel/Habitaciones.java</file>
            <file>file:/C:/Users/jashy/OneDrive/Documentos/portafolii/proyectoFinal/proy/Motel/systemadelmotel/src/systemadelmotel/Clientes.java</file>
            <file>file:/C:/Users/jashy/OneDrive/Documentos/portafolii/proyectoFinal/proy/Motel/systemadelmotel/src/systemadelmotel/ProductosAdicionales.java</file>
            <file>file:/C:/Users/jashy/OneDrive/Documentos/portafolii/proyectoFinal/proy/Motel/systemadelmotel/src/systemadelmotel/FacturaFinal.java</file>
            <file>file:/C:/Users/jashy/OneDrive/Documentos/portafolii/proyectoFinal/proy/Motel/systemadelmotel/src/systemadelmotel/RoundedButton.java</file>
            <file>file:/C:/Users/jashy/OneDrive/Documentos/portafolii/proyectoFinal/proy/Motel/systemadelmotel/src/systemadelmotel/Registrarse.java</file>
            <file>file:/C:/Users/jashy/OneDrive/Documentos/portafolii/proyectoFinal/proy/Motel/systemadelmotel/src/systemadelmotel/RoundedPasswordField.java</file>
            <file>file:/C:/Users/jashy/OneDrive/Documentos/portafolii/proyectoFinal/proy/Motel/systemadelmotel/src/systemadelmotel/RoundedTextField.java</file>
            <file>file:/C:/Users/jashy/OneDrive/Documentos/portafolii/proyectoFinal/proy/Motel/systemadelmotel/src/systemadelmotel/ValidadorCliente.java</file>
            <file>file:/C:/Users/jashy/OneDrive/Documentos/portafolii/proyectoFinal/proy/Motel/systemadelmotel/src/systemadelmotel/Systemadelmotel.java</file>
            <file>file:/C:/Users/jashy/OneDrive/Documentos/portafolii/proyectoFinal/proy/Motel/systemadelmotel/src/systemadelmotel/Menu.java</file>
            <file>file:/C:/Users/jashy/OneDrive/Documentos/portafolii/proyectoFinal/proy/Motel/systemadelmotel/src/systemadelmotel/Main.java</file>
        </group>
    </open-files>
</project-private>
